Place,TrimSart,TrimEnd,Median,Mean,Std,Max,Min,>5°
Neigungswinkel: 31_6_Drive,2560,8504,1.4895716419194476,1.5687558744229761,0.710488576188987,3.555129402719025,0.11143707321280404,|Series([], dtype: float64)|
