Place,TrimSart,TrimEnd,Median,Mean,Std,Max,Min,>5°
34_1_Drive,1228,0,1.468349926962067,1.4696513206137647,0.22985625445730112,2.2641924992763798,0.909840864389338,|Series([], dtype: float64)|
34_2_Drive,706,2483,0.9111524358366048,0.9343627186535186,0.2323762476726573,1.632503569503125,0.33534772372771054,|Series([], dtype: float64)|
34_3_Drive,1915,0,1.1794591263244274,1.1896796850612128,0.21928717407268478,1.9094519375055212,0.7033378855869771,|Series([], dtype: float64)|
34_4_Drive,2015,133,0.966780460960893,0.9765926006489704,0.22298123202299713,1.608915245534993,0.4957070697017695,|Series([], dtype: float64)|
